{
  "timestamp": "2026-02-04T08:09:08.075501",
  "config": {
    "host": "node1",
    "port": "19530",
    "collection": "spacev1b",
    "search_qps_target": 1000,
    "insert_qps_target": 10000,
    "num_search_workers": 10,
    "num_insert_workers": 5,
    "insert_batch_size": 1000,
    "search_only_duration": 300,
    "concurrent_duration": 0
  },
  "results": {
    "search_only": {
      "duration_seconds": 305.0922544002533,
      "total_queries": 502,
      "errors": 0,
      "actual_qps": 1.6454039483461342,
      "latency": {
        "count": 498,
        "mean_ms": 6031.913775516801,
        "p50_ms": 5187.282204627991,
        "p80_ms": 8339.42427635193,
        "p90_ms": 9195.203304290771,
        "p95_ms": 9631.627368927,
        "p99_ms": 10227.692341804503,
        "p99_9_ms": 10947.425134420402,
        "min_ms": 2536.94224357605,
        "max_ms": 11035.961151123047
      }
    }
  }
}